,sna,tot,sbi,sarea,mday,ar,bemp,act
0,YouBike2.0_捷運科技大樓站,28,1,大安區,2023-05-27 15:19:14,復興南路二段235號前,24,1
1,YouBike2.0_復興南路二段273號前,21,0,大安區,2023-05-27 15:14:04,復興南路二段273號西側,21,1
2,YouBike2.0_國北教大實小東側門,16,1,大安區,2023-05-27 15:19:14,和平東路二段96巷7號,14,1
3,YouBike2.0_和平公園東側,11,1,大安區,2023-05-27 15:16:04,和平東路二段118巷33號,10,1
4,YouBike2.0_辛亥復興路口西北側,16,0,大安區,2023-05-27 15:17:21,復興南路二段368號,16,1
5,YouBike2.0_復興南路二段280號前,11,1,大安區,2023-05-27 14:48:14,復興南路二段280號,10,1
6,YouBike2.0_復興南路二段340巷口,11,0,大安區,2023-05-27 14:24:04,復興南路二段342號,10,1
7,YouBike2.0_新生南路三段52號前,17,1,大安區,2023-05-27 15:19:04,新生南路三段52號,15,1
8,YouBike2.0_新生南路三段66號前,16,1,大安區,2023-05-27 15:19:14,新生南路三段66號東側,15,1
9,YouBike2.0_新生南路三段82號前,20,0,大安區,2023-05-27 15:19:14,新生南路三段82號,19,1
10,YouBike2.0_辛亥路一段30號前,8,2,大安區,2023-05-27 15:10:22,辛亥路一段30號,6,1
11,YouBike2.0_和平復興路口西北側,9,1,大安區,2023-05-27 15:03:04,復興南路二段236號,7,1
13,YouBike2.0_大安運動中心停車場,14,4,大安區,2023-05-27 15:11:16,敦南街76巷28號,10,1
14,YouBike2.0_羅斯福路三段245號前,8,2,大安區,2023-05-27 15:17:31,羅斯福路三段245號,6,1
15,YouBike2.0_溫州公園,5,1,大安區,2023-05-27 15:11:16,羅斯福路三段283巷11號,4,1
16,YouBike2.0_和平臥龍街口,15,4,大安區,2023-05-27 15:19:14,臥龍街1號,11,1
17,YouBike2.0_溫州停車場,5,1,大安區,2023-05-27 15:13:15,新生南路三段54巷/溫州街口,4,1
18,YouBike2.0_銘傳國小側門,7,1,大安區,2023-05-27 15:12:04,羅斯福路四段21號旁天橋下,5,1
23,YouBike2.0_公館公園,15,0,大安區,2023-05-27 13:53:04,羅斯福路四段113巷基隆路四段41巷口,15,1
25,YouBike2.0_臺大醫學院附設癌醫中心,20,2,大安區,2023-05-27 15:19:14,基隆路三段155巷57號西側,18,1
26,YouBike2.0_臺大環研大樓,15,5,大安區,2023-05-27 15:01:16,芳蘭路/基隆路三段155巷口,10,1
28,YouBike2.0_臺大男七舍前,20,4,大安區,2023-05-27 15:13:15,長興街/長興街80巷口西側,16,1
29,YouBike2.0_臺大男一舍前,61,5,大安區,2023-05-27 15:19:14,長興街50號西北側,56,1
31,YouBike2.0_臺大動物醫院前,18,4,大安區,2023-05-27 15:19:14,基隆路三段155巷/基隆路四段口,14,1
32,YouBike2.0_臺大土木研究大樓前,24,4,大安區,2023-05-27 15:06:15,辛亥路三段188號,19,1
33,YouBike2.0_臺大萬才館前,20,3,大安區,2023-05-27 15:15:14,臺大萬才館北側,17,1
34,YouBike2.0_臺大國青大樓宿舍前,20,3,大安區,2023-05-27 15:19:14,辛亥路三段30號西北側,17,1
39,YouBike2.0_基隆長興路口東側,15,2,大安區,2023-05-27 15:16:15,基隆長興路口東側,13,1
40,YouBike2.0_國北教大側門南側,25,1,大安區,2023-05-27 15:18:14,敦南街51號,23,1
41,YouBike2.0_和平實小東北側,13,3,大安區,2023-05-27 15:08:13,敦南街73號,10,1
42,YouBike2.0_大安區健康服務中心,15,0,大安區,2023-05-27 13:07:04,辛亥路三段15號,15,1
43,YouBike2.0_辛亥泰順街口,20,2,大安區,2023-05-27 15:08:13,辛亥泰順街口東南側,16,1
46,YouBike2.0_臥龍公園,14,4,大安區,2023-05-27 14:42:14,辛亥路三段223號西側,10,1
51,YouBike2.0_法治公園,15,1,大安區,2023-05-27 15:11:04,通化街189號西側,13,1
52,YouBike2.0_捷運臺電大樓站(2號出口),15,3,大安區,2023-05-27 15:15:14,辛亥路一段/羅斯福路三段口北側(辛亥路側),12,1
54,YouBike2.0_和平龍泉街口,34,5,大安區,2023-05-27 15:17:31,和平東路一段/龍泉街口西南側,28,1
55,YouBike2.0_和平泰順街口,9,1,大安區,2023-05-27 15:16:15,和平東路一段/泰順街口東南側,8,1
58,YouBike2.0_捷運古亭站(5號出口),14,1,大安區,2023-05-27 15:19:14,和平東路一段19號前,13,1
63,YouBike2.0_捷運東門站(3號出口),15,3,大安區,2023-05-27 15:19:14,信義路二段128號前,12,1
64,YouBike2.0_金甌女中,12,2,大安區,2023-05-27 15:03:15,信義路二段與杭州南路二段東南側,9,1
67,YouBike2.0_敦化南路二段293巷口南側,14,2,大安區,2023-05-27 15:15:14,敦化南路二段293巷口南側,12,1
68,YouBike2.0_敦化基隆路口,29,3,大安區,2023-05-27 15:01:04,敦化南路二段218號,24,1
69,YouBike2.0_安和路二段181巷口,17,2,大安區,2023-05-27 15:17:31,安和路二段185號,15,1
71,YouBike2.0_臨江街夜市(基隆路),17,0,大安區,2023-05-27 14:59:04,基隆路二段108號,16,1
72,YouBike2.0_台北科技大學億光大樓,46,3,大安區,2023-05-27 15:19:14,忠孝東路三段81號,42,1
73,YouBike2.0_新生南路一段119巷口,33,3,大安區,2023-05-27 15:10:22,新生南路一段113號,27,1
75,YouBike2.0_民榮公園,15,0,大安區,2023-04-20 07:22:04,建國南路一段304巷45號南側,15,0
79,YouBike2.0_捷運大安站(4號出口),13,1,大安區,2023-05-27 15:17:21,信義路4段6號(前),10,1
80,YouBike2.0_捷運大安站(2號出口),22,5,大安區,2023-05-27 15:01:16,信義路3段143號(前),17,1
81,YouBike2.0_信義大安路口(信維大樓),12,1,大安區,2023-05-27 15:19:14,信義路四段74號(前),10,1
83,YouBike2.0_仁愛安和路口,25,3,大安區,2023-05-27 15:14:14,仁愛路四段258號前,22,1
85,YouBike2.0_仁愛國中,25,4,大安區,2023-05-27 15:17:31,安和路一段75號(對面),19,1
86,YouBike2.0_捷運信義安和站(2號出口),26,3,大安區,2023-05-27 15:19:14,信義路四段188號前,22,1
87,YouBike2.0_八德市場,30,2,大安區,2023-05-27 15:06:15,市民大道三段170號,27,1
88,YouBike2.0_昌隆公園,16,0,大安區,2023-05-27 15:13:04,市民大道三段206號西側,15,1
90,YouBike2.0_信義延吉街口,15,1,大安區,2023-05-27 15:07:14,信義路四段353號,14,1
91,YouBike2.0_光信公園(光復南路456巷),15,5,大安區,2023-05-27 15:08:13,延吉街249號,9,1
92,YouBike2.0_僑安地下停車場(2號出口)東南側,20,5,大安區,2023-05-27 15:11:16,光復南路290巷5號,14,1
94,YouBike2.0_捷運忠孝新生站(6號出口),15,0,大安區,2023-05-27 14:58:04,新生南路一段101號,15,1
97,YouBike2.0_捷運忠孝新生站(3號出口),23,0,大安區,2023-05-27 15:16:04,忠孝東路三段與10巷口,23,1
98,YouBike2.0_瑠公公園,20,2,大安區,2023-05-27 15:18:14,忠孝東路四段49巷4弄/大安路口,17,1
99,YouBike2.0_敦化市民路口,23,5,大安區,2023-05-27 15:18:14,敦化南路1段158號(前),15,1
102,YouBike2.0_東豐公園,19,1,大安區,2023-05-27 15:19:04,東豐街24號(旁公園路側),17,1
103,YouBike2.0_德安公園(四維路66巷),14,3,大安區,2023-05-27 15:18:14,四維路66巷6號北側,11,1
106,YouBike2.0_捷運忠孝敦化站(7號出口),18,4,大安區,2023-05-27 15:07:14,忠孝東路四段143號,13,1
107,YouBike2.0_瑞安街208巷,15,3,大安區,2023-05-27 15:17:31,瑞安街208巷39號對面,12,1
108,YouBike2.0_樂利路21巷口,17,0,大安區,2023-05-27 14:54:04,樂利路25號,17,1
109,YouBike2.0_捷運科技大樓站(台北教育大學),46,5,大安區,2023-05-27 15:11:16,和平東路二段134號前,41,1
111,YouBike2.0_仁愛醫院,30,1,大安區,2023-05-27 15:19:04,仁愛路四段/大安路一段口(西南側),29,1
115,YouBike2.0_捷運信義安和站(1號出口),33,4,大安區,2023-05-27 15:19:14,信義路四段225號前,28,1
116,YouBike2.0_敦化南路二段103巷口,24,1,大安區,2023-05-27 15:17:21,敦化南路二段99號前,23,1
117,YouBike2.0_復興南路二段128巷口,28,2,大安區,2023-05-27 15:17:31,復興南路二段142之1號前,26,1
119,YouBike2.0_芳蘭山莊,16,2,大安區,2023-05-27 13:42:14,基隆路三段155巷148號,14,1
121,YouBike2.0_捷運東門站(5號出口),28,3,大安區,2023-05-27 15:19:14,信義路二段178號前,24,1
124,YouBike2.0_臺北科技大學(電機工程系),16,3,大安區,2023-05-27 15:12:14,忠孝東路三段100號對側,13,1
126,YouBike2.0_新生南路三段94巷口,15,0,大安區,2023-05-27 15:11:04,新生南路三段94號前,14,1
128,YouBike2.0_捷運大安站(6號出口),19,2,大安區,2023-05-27 15:16:15,復興南路一段303號前,17,1
129,YouBike2.0_臥龍街195巷口,14,5,大安區,2023-05-27 15:06:15,臥龍街/臥龍街195巷(南側),8,1
130,YouBike2.0_辛亥路三段157巷口,19,0,大安區,2023-05-27 13:46:04,辛亥路三段與辛亥路三段157巷口西北側,19,1
131,YouBike2.0_臥龍基隆路口,16,0,大安區,2023-05-27 15:03:04,臥龍街與基隆路二段口東北側,16,1
132,YouBike2.0_敦親公園,20,1,大安區,2023-05-27 14:53:16,和平東路二段96巷8之1號(前方),19,1
134,YouBike2.0_和平敦化路口,25,5,大安區,2023-05-27 15:19:14,和平東路三段 / 敦化南路二段口(東側),19,1
135,YouBike2.0_基隆長興路口,43,2,大安區,2023-05-27 14:54:16,基隆路/長興街(東南側),41,1
136,YouBike2.0_仁愛路四段122巷口,16,1,大安區,2023-05-27 15:15:14,仁愛路四段118號前,15,1
139,YouBike2.0_市民復興路口(東南側),16,5,大安區,2023-05-27 15:18:14,市民大道四段/復興路一段口(東南側),11,1
140,YouBike2.0_和平新生路口西南側,13,2,大安區,2023-05-27 15:19:14,新生南路三段2號前,11,1
142,YouBike2.0_信義路三段134巷口,19,4,大安區,2023-05-27 15:17:31,信義路三段/信義路三段134巷口,15,1
143,YouBike2.0_仁愛敦南圓環(東南側),16,3,大安區,2023-05-27 15:05:16,仁愛路四段110號前,9,1
144,YouBike2.0_臺北遠企購物中心,33,2,大安區,2023-05-27 15:17:31,敦化南路二段201號前,30,1
146,YouBike2.0_四維路170巷口,22,0,大安區,2023-05-27 14:58:04,敦化南路二段92號對側中央分隔島,22,1
148,YouBike2.0_捷運臺電大樓站(2號出口)_1,31,4,大安區,2023-05-27 15:19:14,羅斯福路三段201號旁,26,1
149,YouBike2.0_信義路四段199巷,15,3,大安區,2023-05-27 15:15:14,信義路四段199巷/安和路一段90巷口,11,1
152,YouBike2.0_原臺北刑務所官舍,23,3,大安區,2023-05-27 15:19:14,金華街78號對側,20,1
154,YouBike2.0_懷生國中,15,3,大安區,2023-05-27 15:15:14,忠孝東路三段248巷30號,11,1
158,YouBike2.0_捷運大安站(5號出口),19,2,大安區,2023-05-27 15:17:31,復興南路二段/信義路四段(東南側),14,1
159,YouBike2.0_臨江公園,13,1,大安區,2023-05-27 15:03:04,通化街143巷33號對側,11,1
160,YouBike2.0_羅斯福路四段113巷19弄口,14,0,大安區,2023-05-27 15:05:05,羅斯福路四段119巷84號對側,13,1
161,YouBike2.0_忠孝東路四段248巷口,15,0,大安區,2023-05-27 15:19:14,忠孝東路四段230號前,13,1
163,YouBike2.0_樂利路101巷口,13,2,大安區,2023-05-27 15:16:15,樂利路97號前,11,1
164,YouBike2.0_羅斯福浦城街口,15,1,大安區,2023-05-27 14:55:23,羅斯福路三段117號前,14,1
168,YouBike2.0_民族延平路口,23,1,大同區,2023-05-27 15:18:14,延平北路三段123號北側,22,1
169,YouBike2.0_重慶酒泉街口,30,1,大同區,2023-05-27 15:14:14,重慶北路三段260號前,29,1
171,YouBike2.0_陳天來故居,18,5,大同區,2023-05-27 15:16:15,西寧北路112號前方,13,1
172,YouBike2.0_臺北孔廟,27,2,大同區,2023-05-27 15:17:31,哈密街61號口對側人行道,25,1
173,YouBike2.0_捷運圓山站(1號出口),44,1,大同區,2023-05-27 15:18:14,酒泉街235號前,40,1
175,YouBike2.0_重慶國中,37,4,大同區,2023-05-27 15:16:15,敦煌路19號前,33,1
178,YouBike2.0_民權延平路口(西北側),20,4,大同區,2023-05-27 15:18:14,民權西路239號前方,16,1
181,YouBike2.0_大龍老人住宅,14,4,大同區,2023-05-27 15:08:13,民族西路82號前方,10,1
182,YouBike2.0_大龍峒社會住宅,20,5,大同區,2023-05-27 15:15:14,承德路三段210號旁,15,1
184,YouBike2.0_捷運大橋頭站(1A出口),18,0,大同區,2023-05-27 15:15:04,民權西路237號旁,16,1
185,YouBike2.0_捷運民權西路站(2號出口),25,0,大同區,2023-05-27 15:03:04,捷運民權西路站(2號出口)西側,25,1
188,YouBike2.0_朝陽公園,10,2,大同區,2023-05-27 15:07:14,重慶北路二段62-1號旁,8,1
190,YouBike2.0_大龍公園,18,0,大同區,2023-05-27 15:11:04,大龍街217號對側,18,1
191,YouBike2.0_重慶涼州街口,13,4,大同區,2023-05-27 14:28:14,重慶北路二段180號旁,9,1
192,YouBike2.0_圓山線形公園,14,5,大同區,2023-05-27 15:14:14,玉門街/民族西路(西北側),9,1
193,YouBike2.0_圓環站,28,2,大同區,2023-05-27 15:19:14,重慶北路一段128號前,26,1
194,YouBike2.0_重慶民族路口,20,1,大同區,2023-05-27 15:01:04,重慶北路三段162號前,18,1
195,YouBike2.0_承德路三段8巷口,16,0,大同區,2023-05-27 15:11:04,承德路三段14號前,16,1
198,YouBike2.0_聯合醫院中興院區,27,3,大同區,2023-05-27 15:16:15,長安西路299號(對面),24,1
200,YouBike2.0_迪化休閒運動公園,15,2,大同區,2023-05-27 14:44:14,延平北路四段200號(南側),13,1
201,YouBike2.0_大同運動中心,16,3,大同區,2023-05-27 15:14:14,大龍街51號(旁),13,1
202,YouBike2.0_重慶保安街口(家樂福重慶店),20,3,大同區,2023-05-27 15:16:15,重慶北路二段171號(旁),17,1
208,YouBike2.0_承德民生西路口,11,2,大同區,2023-05-27 15:10:22,承德路二段137號前,9,1
210,YouBike2.0_臺北轉運站(華陰街),20,1,大同區,2023-05-27 15:13:15,華陰街45號(對面),19,1
213,YouBike2.0_重慶長安路口,15,1,大同區,2023-05-27 15:12:14,長安西路244號(重慶路側),14,1
214,YouBike2.0_承德昌吉街口,18,5,大同區,2023-05-27 15:17:31,承德路三段83號前,13,1
217,YouBike2.0_樹德公園_1,21,1,大同區,2023-05-27 15:19:14,大龍街/大龍街85巷(東北側),20,1
220,YouBike2.0_雙蓮國小,20,2,大同區,2023-05-27 15:17:31,民權西路102巷4弄25號對側人行道,18,1
221,YouBike2.0_寧夏涼州街口,15,2,大同區,2023-05-27 15:18:14,寧夏路141號對側,13,1
223,YouBike2.0_劍潭抽水站,17,2,士林區,2023-05-27 15:04:18,通河東街325巷/通河東街口,11,1
225,YouBike2.0_福港街停車場,22,0,士林區,2023-05-27 15:16:04,華齡街175號(旁),22,1
226,YouBike2.0_百齡國小,50,2,士林區,2023-05-27 15:16:15,前港街104號(對面),48,1
227,YouBike2.0_雨聲街165巷口,15,1,士林區,2023-05-27 13:38:03,雨聲街/雨聲街165巷(西北側),14,1
228,YouBike2.0_天和公園,13,3,士林區,2023-05-27 15:15:14,天母東路69巷30號(前方路側),7,1
231,YouBike2.0_臺北市立大學(天母校區),23,3,士林區,2023-05-27 15:16:15,士東路276號至280號對面人行道,20,1
234,YouBike2.0_天母北天玉街口,15,3,士林區,2023-05-27 15:18:14,天母北路33號(前),12,1
236,YouBike2.0_明勝公園,14,5,士林區,2023-05-27 15:07:14,承德路4段6巷71號(對面),9,1
237,YouBike2.0_劍潭海外青年活動中心,23,0,士林區,2023-05-27 14:43:04,中山北路4段/通河街口,23,1
239,YouBike2.0_雨農國小,35,4,士林區,2023-05-27 15:18:14,忠誠路一段127號(前),29,1
240,YouBike2.0_忠誠公園,14,0,士林區,2023-05-27 15:11:04,忠誠路一段18號(對面),12,1
241,YouBike2.0_芝山抽水站,21,0,士林區,2023-05-27 15:17:22,至誠路二段47-49號(前),21,1
243,YouBike2.0_華齡公園,25,1,士林區,2023-05-27 15:14:14,劍潭路76號(對面),23,1
245,YouBike2.0_華齡街185巷口,12,0,士林區,2023-05-27 15:19:04,華齡街188號(前),11,1
246,YouBike2.0_前港公園(前港街),19,2,士林區,2023-05-27 15:08:04,前港街48號(對面),17,1
249,YouBike2.0_臺灣戲曲中心,14,3,士林區,2023-05-27 15:18:14,文林路751號(南側),10,1
252,YouBike2.0_志成公園,23,0,士林區,2023-05-27 15:17:22,中正路/雨農路口(西北側),23,1
253,YouBike2.0_福林國小,14,2,士林區,2023-05-27 14:08:15,福志路50號(對面),11,1
259,YouBike2.0_華聲公園,27,0,士林區,2023-02-03 10:09:04,華聲街17號(南側路側),27,0
261,YouBike2.0_捷運士林站(2號出口),30,0,士林區,2023-05-27 15:17:22,中山北路五段505巷44弄2號(對面),28,1
262,YouBike2.0_銘傳大學,30,0,士林區,2023-05-17 23:56:05,中山北路五段250號(銘傳大學對側),29,0
265,YouBike2.0_聯合醫院陽明院區,15,1,士林區,2023-05-27 15:13:15,雨聲街105號(南側),13,1
269,YouBike2.0_通河東街2段10巷口,15,5,士林區,2023-05-27 14:57:14,通河東街2段5號(對面),10,1
270,YouBike2.0_梅林新村,15,2,士林區,2023-05-27 15:11:16,至善路一段/至善路一段138巷(北側),13,1
271,YouBike2.0_延平北中正路口,30,4,士林區,2023-05-27 14:55:23,中正路613號(對面),26,1
272,YouBike2.0_重慶北路四段190巷口,13,1,士林區,2023-05-27 14:47:14,重慶北路四段198號(前),12,1
273,YouBike2.0_重慶北葫東街口,15,0,士林區,2023-05-27 15:05:05,重慶北路四段177號(前),15,1
274,YouBike2.0_葫蘆國小,20,3,士林區,2023-05-27 14:55:23,環河北路三段/葫蘆街(東北側),17,1
276,YouBike2.0_社正公園,15,2,士林區,2023-05-27 15:08:13,社中街39號(對面),13,1
279,YouBike2.0_忠誠路一段138號,15,5,士林區,2023-05-27 15:16:15,忠誠路一段138號(斜前方),9,1
280,YouBike2.0_社子公園,14,2,士林區,2023-05-27 15:10:22,永平街20巷37弄/永平街20巷11弄(社子公園南側),12,1
281,YouBike2.0_國立故宮博物院,17,1,士林區,2023-05-27 15:19:04,力行街8號(對面),15,1
282,YouBike2.0_泰北高中,16,1,士林區,2023-05-27 14:52:04,福林路240號(前),15,1
283,YouBike2.0_後港公園,15,1,士林區,2023-05-27 14:13:14,通河東街二段26號(旁公園),14,1
286,YouBike2.0_延平北路八段133巷口,15,2,士林區,2023-05-27 14:53:16,延平北路八段133巷42號(對面),13,1
289,YouBike2.0_福安國中,11,3,士林區,2023-05-27 12:35:15,延平北路七段250號(前),8,1
293,YouBike2.0_士林新天地,29,2,士林區,2023-05-27 15:16:04,大南路325號前方,27,1
294,YouBike2.0_蘭雅國小,27,4,士林區,2023-05-27 15:15:14,礦溪街與中山北路六段195巷口,22,1
295,YouBike2.0_中正基河路口,28,5,士林區,2023-05-27 15:16:15,中正路420號前,23,1
296,YouBike2.0_福林公園(中正路),27,5,士林區,2023-05-27 15:19:14,中正路/志成街口(南側),21,1
299,YouBike2.0_東山路110巷口,16,4,士林區,2023-05-27 14:42:14,東山路114號對側,12,1
302,YouBike2.0_通河街76巷/承德路四段10巷口,14,0,士林區,2023-05-27 15:14:04,承德路四段10巷37號(旁),13,1
303,YouBike2.0_芝山聖佑宮,15,3,士林區,2023-05-27 14:57:14,雨聲街90號旁,10,1
304,YouBike2.0_至誠雨聲街口,9,0,士林區,2023-05-27 15:19:14,至誠路二段與雨聲街口東北側,8,1
305,YouBike2.0_捷運線型公園(後街),13,1,士林區,2023-05-27 15:17:22,後街15號旁,12,1
306,YouBike2.0_天母公園,12,0,士林區,2023-05-27 14:07:04,中山北路七段141巷30號對側,12,1
307,YouBike2.0_基河文林路口,16,1,士林區,2023-05-27 15:15:14,基河路3-1號對側人行道,15,1
308,YouBike2.0_文林福華路口,19,2,士林區,2023-05-27 15:14:14,文林路 / 福華路口(東側),16,1
309,YouBike2.0_劍潭海外青年活動中心_1,24,1,士林區,2023-05-27 14:53:16,通河街 / 通河街2巷(南側),23,1
314,YouBike2.0_葫蘆國小(延平北路五段285巷),15,0,士林區,2023-05-27 14:33:04,環河北路三段/延平北路五段285巷,15,1
315,YouBike2.0_社子市場,15,3,士林區,2023-05-27 14:59:19,延平北路六段67號旁,12,1
318,YouBike2.0_文林路101巷口,7,5,士林區,2023-05-27 15:14:14,文林路100號前,2,1
322,YouBike2.0_中山福國路口,14,3,士林區,2023-05-27 15:14:14,中山北路五段837號前,9,1
324,YouBike2.0_承德後港街口,11,5,士林區,2023-05-27 15:05:16,承德路四段/後港街口,5,1
325,YouBike2.0_中山北路五段698巷口,15,4,士林區,2023-05-27 15:18:14,中山北路五段692號前,11,1
329,YouBike2.0_海光公園南側,12,4,士林區,2023-05-27 15:09:14,葫蘆街79號對側公園,8,1
330,YouBike2.0_士商路40巷口,15,2,士林區,2023-05-27 15:06:15,士商路40巷2號旁,13,1
333,YouBike2.0_美崙公園,13,5,士林區,2023-05-27 15:19:14,美崙街118號斜對面人行道,8,1
334,YouBike2.0_臺北市立大學(忠誠路二段207巷),17,4,士林區,2023-05-27 15:19:14,忠誠路二段207巷/士東路299巷口,13,1
336,YouBike2.0_美崙公園(東北側),15,1,士林區,2023-05-27 13:28:04,文林路587巷115號對側,14,1
337,YouBike2.0_台北花木批發市場,32,2,文山區,2023-05-27 15:17:31,萬盛街/興隆路一段(西北側),29,1
338,YouBike2.0_捷運萬隆站(4號出口),21,0,文山區,2023-05-27 15:08:04,羅斯福路5段210號(前),21,1
339,YouBike2.0_捷運萬隆站(1號出口),34,0,文山區,2023-05-27 15:17:22,羅斯福路五段250號(前),34,1
340,YouBike2.0_萬和二號公園,26,4,文山區,2023-05-27 15:19:14,萬隆街255號(對面),22,1
341,YouBike2.0_捷運萬隆站(2號出口),12,4,文山區,2023-05-27 15:14:14,興隆路一段70巷/羅斯福路5段211巷26弄口,7,1
347,YouBike2.0_興福國中,25,2,文山區,2023-05-27 15:03:15,福興路95巷/福興路63巷4弄口,22,1
350,YouBike2.0_景美醫院,18,3,文山區,2023-05-27 15:16:15,羅斯福路六段280號(前),15,1
351,YouBike2.0_師範大學公館校區,14,3,文山區,2023-05-27 15:05:16,汀州路四段77號(旁),10,1
354,YouBike2.0_國立政治大學,35,2,文山區,2023-05-27 15:12:14,指南路二段153號(對面),33,1
355,YouBike2.0_捷運動物園站,18,0,文山區,2023-05-27 15:17:22,新光路二段30號(對面),17,1
362,YouBike2.0_考試院,22,1,文山區,2023-05-27 15:19:14,試院路(雙號)/木柵路一段(東北側),19,1
363,YouBike2.0_和興路26巷口,15,3,文山區,2023-05-27 15:19:14,和興路44巷 / 和興路26巷口,11,1
366,YouBike2.0_臺北市立景美女中,25,3,文山區,2023-05-27 15:14:14,木新路三段/一壽街(西北側),21,1
367,YouBike2.0_永安藝文館-表演36房,15,2,文山區,2023-05-27 15:17:31,木新路二段156號前人行道(永安市場),13,1
368,YouBike2.0_忠順區民活動中心,15,4,文山區,2023-05-27 14:57:14,忠順街二段22號前方人行道(忠順區民活動中心),11,1
370,YouBike2.0_老泉街籃球場,14,0,文山區,2023-05-27 14:41:04,老泉街26巷老泉街口(籃球場前),14,1
372,YouBike2.0_木柵公園,25,5,文山區,2023-05-27 15:12:14,興隆路四段50號(前),20,1
373,YouBike2.0_興隆公共住宅D2區,19,5,文山區,2023-05-27 15:19:14,興隆路四段105巷49號(旁),14,1
374,YouBike2.0_木新路3段95巷口,16,3,文山區,2023-05-27 15:07:14,木新路三段95巷30號(對面),11,1
377,YouBike2.0_指南路3段2巷,13,2,文山區,2023-05-27 15:08:14,指南路三段4號(旁),11,1
378,YouBike2.0_萊茵公園,14,2,文山區,2023-05-27 12:34:13,忠順街二段87巷25弄29號,12,1
380,YouBike2.0_秀明路一段185巷口,20,0,文山區,2023-05-27 15:03:04,秀明路一段與秀明路一段185巷口,20,1
381,YouBike2.0_秀明路一段129巷口,22,0,文山區,2023-05-27 14:56:04,秀明路一段129巷與秀明路一段路口,22,1
382,YouBike2.0_恆光橋(老泉街),13,4,文山區,2023-05-27 15:11:16,老泉街/恆光街口,9,1
383,YouBike2.0_萬有3號公園,14,3,文山區,2023-05-27 15:17:32,景隆街105號(對面),11,1
385,YouBike2.0_興得閱覽室,24,1,文山區,2023-05-27 14:47:04,興隆路三段304巷145號,20,1
386,YouBike2.0_辛亥生態公園,18,5,文山區,2023-05-27 15:11:16,辛亥路四段199號,13,1
387,YouBike2.0_博嘉運動公園,12,1,文山區,2023-05-27 14:57:14,木柵路四段159巷16號,11,1
390,YouBike2.0_政大一街口,14,0,文山區,2023-05-27 12:44:04,政大一街19號對側,13,1
391,YouBike2.0_文山第二行政中心,30,2,文山區,2023-05-27 15:17:32,興隆路二段160-1號前,28,1
392,YouBike2.0_移民署訓練中心,13,5,文山區,2023-05-27 14:55:23,興隆路三段306號,8,1
393,YouBike2.0_海巡署(南側),10,2,文山區,2023-05-27 13:52:15,興隆路三段211號對側(公車亭後),8,1
394,YouBike2.0_明道國小東南側,18,1,文山區,2023-05-27 15:11:16,興隆路四段109巷116號對側,17,1
396,YouBike2.0_實踐國中(木新路三段310巷口),17,4,文山區,2023-05-27 15:17:32,忠順街一段木新路三段310巷口,10,1
397,YouBike2.0_師範大學公館校區_1,25,4,文山區,2023-05-27 15:19:14,師大公館校區校門口(汀州路側),21,1
398,YouBike2.0_捷運動物園站(2號出口),39,5,文山區,2023-05-27 15:18:14,新光路二段28號前,33,1
399,YouBike2.0_政大水岸電梯,10,3,文山區,2023-05-27 15:05:16,政治大學水岸電梯旁,7,1
400,YouBike2.0_敦南山林,14,2,文山區,2023-05-27 15:01:16,木柵路四段159巷16弄(社區出入口對側),12,1
401,YouBike2.0_辛亥路五段73巷口,13,2,文山區,2023-05-27 14:50:22,辛亥路五段75-1號前人行道,11,1
402,YouBike2.0_景美污水抽水站,15,1,文山區,2023-05-27 15:17:32,汀州路四段10號北側人行道,14,1
404,YouBike2.0_景興國中,10,4,文山區,2023-05-27 15:10:22,三福街4巷與景興路46巷口,6,1
405,YouBike2.0_景仁公園_1,15,2,文山區,2023-05-27 15:19:14,景仁街 / 羅斯福路六段142巷口(北側),12,1
406,YouBike2.0_師大公館校區學二舍,40,2,文山區,2023-05-27 15:17:32,臺灣師範大學學二舍西側人行道,36,1
407,YouBike2.0_景行公園,15,4,文山區,2023-05-27 15:17:32,景中街與景中街30巷口,10,1
408,YouBike2.0_萬興國小,16,3,文山區,2023-05-27 15:16:15,秀明路二段114號公車亭旁,13,1
409,YouBike2.0_辛亥路四段77巷口,14,0,文山區,2023-05-27 14:19:04,辛亥路四段77巷口,14,1
410,YouBike2.0_景興路42巷口,12,0,文山區,2023-05-27 14:48:04,景興路42巷與景興路口西南側,12,1
412,YouBike2.0_木柵路二段109巷,15,0,文山區,2023-05-27 14:26:04,木柵路二段109巷14號旁,15,1
414,YouBike2.0_萬美萬安街口,16,0,文山區,2023-05-27 13:11:04,萬美街一段/萬安街口,16,1
415,YouBike2.0_興隆路二段203巷(敦南),27,3,文山區,2023-05-27 14:45:16,興隆路二段203巷16號,23,1
416,YouBike2.0_新光秀明路口,15,1,文山區,2023-05-27 15:01:16,新光路一段145號前,14,1
417,YouBike2.0_臺北自來水事業處,20,5,中正區,2023-05-27 15:19:14,思源街1號東側,15,1
419,YouBike2.0_捷運公館站(1號出口),12,4,中正區,2023-05-27 15:18:14,羅斯福路四段68號,8,1
420,YouBike2.0_捷運公館站(4號出口),12,2,中正區,2023-05-27 15:18:14,羅斯福路四段48號,10,1
423,YouBike2.0_捷運臺電大樓站(1號出口),34,3,中正區,2023-05-27 15:19:14,辛亥路一段/羅斯福路三段南側,28,1
424,YouBike2.0_客家文化主題公園,15,1,中正區,2023-05-27 14:41:15,師大路/金門街11巷口對側人行道,14,1
425,YouBike2.0_河堤國小,27,2,中正區,2023-05-27 15:10:22,汀洲路二段182巷內186號旁,24,1
427,YouBike2.0_捷運臺電大樓站(5號出口),14,3,中正區,2023-05-27 15:03:15,羅斯福路三段126號前,11,1
428,YouBike2.0_捷運臺電大樓站(4號出口),13,2,中正區,2023-05-27 15:17:32,師大路/羅斯福路三段西側,11,1
429,YouBike2.0_羅斯福三段金門街口,15,2,中正區,2023-05-27 15:17:32,羅斯福路三段2號前,12,1
431,YouBike2.0_捷運古亭站(8號出口),15,3,中正區,2023-05-27 15:16:15,和平西路一段13-1號前方,11,1
432,YouBike2.0_捷運古亭站(7號出口),12,1,中正區,2023-05-27 15:18:14,羅斯福路二段44號前方,10,1
435,YouBike2.0_孫立人將軍官邸,23,5,中正區,2023-05-27 15:18:14,南昌路一段136號前,17,1
441,YouBike2.0_螢橋國小,32,2,中正區,2023-05-27 15:19:14,泉州街32號對面人行道,30,1
443,YouBike2.0_永昌公園,15,3,中正區,2023-05-27 15:17:32,詔安街224號前,6,1
444,YouBike2.0_中華路二段409巷口,15,2,中正區,2023-05-27 14:52:15,中華路二段403號前,13,1
446,YouBike2.0_南海和平路口西南側,19,4,中正區,2023-05-27 14:55:23,南海路與和平西路二段西南側,15,1
450,YouBike2.0_捷運小南門站(2號出口),18,0,中正區,2023-05-27 14:59:04,愛國西路30號之2前方,17,1
452,YouBike2.0_中華貴陽街口,20,1,中正區,2023-05-27 15:13:15,貴陽街一段243之1號(前),19,1
461,YouBike2.0_延平南路133巷口,17,4,中正區,2023-05-27 15:12:14,延平南路162號對側,13,1
468,YouBike2.0_聯合醫院和平院區,32,2,中正區,2023-05-27 15:17:32,中華路二段33號旁,30,1
471,YouBike2.0_中華路一段21巷口,22,1,中正區,2023-05-27 15:08:04,中華路一段11號(斜前方),21,1
474,YouBike2.0_師大水源路口,21,5,中正區,2023-05-27 14:49:14,師大路/水源路口(東南側),16,1
476,YouBike2.0_信義連雲街口,31,5,中正區,2023-05-27 15:19:14,信義路二段213號前,24,1
478,YouBike2.0_莒光大埔街口,32,2,中正區,2023-05-27 15:05:16,莒光路/大埔街口(東北側),29,1
482,YouBike2.0_捷運中正紀念堂站(5號出口),29,0,中正區,2023-05-27 15:17:22,捷運中正紀念堂站(5號出口)西側,29,1
483,YouBike2.0_北平東杭州北路口,20,0,中正區,2023-05-27 15:19:14,北平東路/杭州北路口(東北側),20,1
484,YouBike2.0_王貫英先生紀念圖書館,15,0,中正區,2023-05-27 15:15:04,汀州路二段265號,15,1
485,YouBike2.0_金山信義路口,25,5,中正區,2023-05-27 15:16:16,金山南路一段148號前側,19,1
489,YouBike2.0_捷運臺北車站(M2出口),20,2,中正區,2023-05-27 15:16:16,市民大道一段168號旁,18,1
490,YouBike2.0_臺北市國父史蹟館(逸仙公園),31,0,中正區,2023-05-27 14:48:04,中山北路一段46號北側,31,1
492,YouBike2.0_弘道國中,18,2,中正區,2023-05-27 14:59:04,公園路21號西北側,15,1
494,YouBike2.0_台北市替代役中心,15,2,中正區,2023-05-27 15:17:32,汀州路三段8號前,13,1
495,YouBike2.0_紹興徐州路口,18,2,中正區,2023-05-27 15:03:15,紹興南街/徐州路(東南側),16,1
496,YouBike2.0_羅斯福寧波東街口,20,5,中正區,2023-05-27 15:07:14,羅斯福路一段/寧波東街(東南側),15,1
500,YouBike2.0_仁愛金山路口,9,0,中正區,2023-05-27 14:40:12,仁愛路二段31號前,9,1
501,YouBike2.0_杭州南路一段101巷口,14,1,中正區,2023-05-27 15:06:16,金山南路一段72號前,13,1
502,YouBike2.0_仁愛杭州路口,15,3,中正區,2023-05-27 15:14:14,仁愛路一段59號旁,10,1
506,YouBike2.0_林森北平路口,20,5,中正區,2023-05-27 15:15:14,林森北路與北平東路口西北側,14,1
508,YouBike2.0_天津北平路口,15,4,中正區,2023-05-27 14:44:14,天津街1號對側人行道,11,1
509,YouBike2.0_捷運忠孝新生站(1號出口),19,0,中正區,2023-05-27 15:12:04,捷運忠孝新生站(1號出口)後方,19,1
510,YouBike2.0_捷運忠孝新生站(5號出口),13,3,中正區,2023-05-27 15:15:14,新生南路一段56號前方,10,1
513,YouBike2.0_林森濟南路口(東北側),15,2,中正區,2023-05-27 15:15:14,林森南路/濟南路一段口(東北側),12,1
514,YouBike2.0_仁愛紹興街口(南側),17,3,中正區,2023-05-27 14:41:16,仁愛路一段/紹興南街口(南側),14,1
521,YouBike2.0_仁愛金山路口(東南側),14,1,中正區,2023-05-27 15:06:04,仁愛路二段48-4號前,13,1
522,YouBike2.0_臺灣文學基地,15,0,中正區,2023-05-27 14:50:11,齊東街53巷10號,15,1
523,YouBike2.0_重慶南詔安街口,15,1,中正區,2023-05-27 15:18:14,重慶南路三段/詔安街,14,1
525,YouBike2.0_捷運中正紀念堂站(2號出口),12,2,中正區,2023-05-27 15:09:15,羅斯福路一段10號前,10,1
526,YouBike2.0_螢圃里小公園,19,0,中正區,2023-05-27 14:46:04,汀州路二段135號對側,18,1
527,YouBike2.0_螢橋公園,15,3,中正區,2023-05-27 15:06:16,和平西路一段110號旁,10,1
530,YouBike2.0_樂群二堤頂大道口,20,0,中山區,2023-05-27 14:10:09,堤頂大道二段382號(旁),19,1
531,YouBike2.0_劍潭社區,13,5,中山區,2023-05-27 15:10:22,通北街146巷2弄2號(對面公園),8,1
533,YouBike2.0_樂群二明水路口,20,5,中山區,2023-05-27 15:13:15,樂群二路/明水路口(東北側),15,1
536,YouBike2.0_樂群二敬業三路口,20,0,中山區,2023-05-27 15:19:04,敬業三路155號(前),20,1
537,YouBike2.0_樂群二敬業四路口,36,2,中山區,2023-05-27 15:14:14,樂群二路186號,34,1
542,YouBike2.0_新生長安路口,20,3,中山區,2023-05-27 15:11:16,新生北路一段/長安東路二段交叉口(北側),17,1
545,YouBike2.0_一江公園,22,1,中山區,2023-05-27 15:16:16,一江街/松江路132巷口(西北側),21,1
547,YouBike2.0_新生長春路口,20,0,中山區,2023-05-27 14:36:04,新生北路二段/新生北路二段68巷交叉口(新生橋下),19,1
548,YouBike2.0_第二果菜批發市場,28,2,中山區,2023-05-27 15:18:14,民族東路410巷2弄18號(東側),24,1
549,YouBike2.0_民生建國路口,26,2,中山區,2023-05-27 15:08:14,民生東路三段 / 建國北路二段口,24,1
552,YouBike2.0_龍江錦州街口,16,0,中山區,2023-05-27 15:13:05,龍江路287號前方,15,1
556,YouBike2.0_朱崙商場,31,1,中山區,2023-05-27 15:19:04,龍江路15號前,29,1
557,YouBike2.0_中吉公園,15,3,中山區,2023-05-27 14:58:14,松江路170巷20號對側,12,1
558,YouBike2.0_華山公園,19,4,中山區,2023-05-27 14:59:19,市民大道與長安東路一段52巷口,14,1
559,YouBike2.0_建國北路一段17巷,45,5,中山區,2023-05-27 15:17:32,建國北路一段17巷/八德路二段137巷口,40,1
560,YouBike2.0_江寧公園,15,1,中山區,2023-05-27 15:17:22,合江街186號對側,13,1
563,YouBike2.0_捷運行天宮站(3號出口),42,4,中山區,2023-05-27 15:17:32,松江路261號前,37,1
564,YouBike2.0_林森農安街口,17,1,中山區,2023-05-27 15:17:22,林森北路582號(前),16,1
565,YouBike2.0_捷運中山國小站(4號出口),20,0,中山區,2023-05-27 15:18:14,民權東路一段/民權東路一段71巷口,20,1
566,YouBike2.0_農安雙城街口,15,1,中山區,2023-05-27 15:17:32,農安街12-1號前方,14,1
567,YouBike2.0_新生德惠街口,15,1,中山區,2023-05-27 14:49:04,新生北路三段76號對側,14,1
568,YouBike2.0_民族林森路口,20,4,中山區,2023-05-27 14:54:16,民族東路17號前,14,1
570,YouBike2.0_中山民族路口,16,2,中山區,2023-05-27 15:15:14,中山北路三段54號前,14,1
571,YouBike2.0_新生高架停車場(林森北路107巷口),14,0,中山區,2023-05-27 15:10:11,新生北路一段與林森北路107巷口(新生高架橋下),13,1
573,YouBike2.0_仁德公園,18,0,中山區,2023-04-17 00:35:05,吉林路108巷與南京東路二段21巷口東南側,18,0
574,YouBike2.0_中原公園,15,3,中山區,2023-05-27 14:57:14,新生北路二段45巷(中原公園西側),12,1
575,YouBike2.0_下埤公園,24,2,中山區,2023-05-27 15:16:16,民族東路512巷13弄4號,22,1
580,YouBike2.0_新喜公園,13,1,中山區,2023-05-27 15:13:15,德惠街170巷22號對側,11,1
581,YouBike2.0_吉林路407巷口,15,3,中山區,2023-05-27 15:12:14,吉林路401號前,11,1
583,YouBike2.0_林安泰古厝,22,0,中山區,2023-05-27 15:16:04,濱江街5號對側,22,1
584,YouBike2.0_中山公民會館,20,0,中山區,2023-05-27 15:03:04,中山北路二段128巷口,18,1
585,YouBike2.0_渭水八德路口,23,2,中山區,2023-05-27 15:08:14,渭水路54號對側,19,1
587,YouBike2.0_撫順公園,20,1,中山區,2023-05-27 15:17:32,中山北路三段2號對側,18,1
588,YouBike2.0_新生公園,16,0,中山區,2023-05-27 13:47:04,民族東路/吉林路口(西北側),16,1
589,YouBike2.0_捷運行天宮站(1號出口),46,0,中山區,2023-05-27 15:17:22,松江路230號前,45,1
591,YouBike2.0_建國農安街口,35,4,中山區,2023-05-27 15:18:14,建國北路/農安街口(建國橋下),29,1
592,YouBike2.0_松江路77巷口,10,1,中山區,2023-05-27 15:09:15,松江路77巷口,9,1
594,YouBike2.0_市民新生路口,15,5,中山區,2023-05-27 15:12:14,新生北路一段36號前,10,1
595,YouBike2.0_民權吉林路口,15,0,中山區,2023-05-27 15:04:06,民權東路二段51號前,14,1
596,YouBike2.0_中山農安街口,17,5,中山區,2023-05-27 15:19:14,中山北路三段25號前,11,1
597,YouBike2.0_捷運行政大樓,14,1,中山區,2023-05-27 15:05:05,中山北路二段48巷7號前,13,1
598,YouBike2.0_中吉公園(松江路188巷),22,2,中山區,2023-05-27 15:05:05,松江路188巷11號對側,20,1
599,YouBike2.0_吉林路123巷口,13,1,中山區,2023-05-27 15:19:14,吉林路125號前,12,1
600,YouBike2.0_中原民生路口,15,5,中山區,2023-05-27 15:17:32,民生東路二段33號旁,10,1
602,YouBike2.0_錦州吉林路口,20,3,中山區,2023-05-27 15:17:32,錦州街174號前,17,1
603,YouBike2.0_中山北路二段59巷口,12,1,中山區,2023-05-27 15:18:14,中山北路二段59之3號前,9,1
604,YouBike2.0_永盛公園(民生東路一段23巷),24,5,中山區,2023-05-27 15:19:14,民生東路一段23巷/民生東路一段27巷口,19,1
605,YouBike2.0_新生錦州街口,20,2,中山區,2023-05-27 15:18:14,新生北路二段100號前,18,1
606,YouBike2.0_濱江街199巷口,15,2,中山區,2023-05-27 15:17:32,濱江街199巷(八號疏散門前),13,1
607,YouBike2.0_大佳社區公園,15,1,中山區,2023-05-27 15:06:16,濱江街154巷對側,14,1
608,YouBike2.0_濱江果菜市場,22,5,中山區,2023-05-27 15:01:17,民族東路336號前,15,1
609,YouBike2.0_興安合江路口,19,5,中山區,2023-05-27 15:09:15,興安街60號對側,14,1
611,YouBike2.0_台泥大樓,18,4,中山區,2023-05-27 15:09:15,中山北路二段113-133號前,12,1
613,YouBike2.0_新興公園,20,3,中山區,2023-05-27 15:14:14,錦州街13巷/中山北路二段137巷口(東南側),17,1
614,YouBike2.0_南京伊通街口,11,4,中山區,2023-05-27 15:19:14,南京東路二段178-1號,7,1
615,YouBike2.0_南京龍江路口,15,2,中山區,2023-05-27 15:16:16,南京東路三段121號前,13,1
616,YouBike2.0_撫順街41巷(崇德宮前),19,4,中山區,2023-05-27 14:31:16,撫順街41巷1-7號對側,14,1
620,YouBike2.0_中429公園,15,0,中山區,2023-05-27 14:46:04,敬業三路177巷南側,15,1
621,YouBike2.0_長春路137巷口,16,0,中山區,2023-05-27 15:09:04,民生東路二段134號前,16,1
622,YouBike2.0_松江民生路口,17,0,中山區,2023-05-27 15:16:04,松江路208號前,16,1
624,YouBike2.0_長春吉林路口,10,3,中山區,2023-05-27 15:13:15,長春路120號前,7,1
625,YouBike2.0_長春一江街口,11,1,中山區,2023-05-27 15:19:14,長春路135號前,10,1
626,YouBike2.0_捷運松江南京站(8號出口),20,3,中山區,2023-05-27 15:17:32,南京東路二段101號前,17,1
627,YouBike2.0_南京一江街口,10,2,中山區,2023-05-27 15:10:22,南京東路二段85號前,8,1
628,YouBike2.0_松江長春路口,16,1,中山區,2023-05-27 15:19:14,松江路158號前,15,1
631,YouBike2.0_新生農安街口,15,0,中山區,2023-05-27 14:47:04,新生北路三段與農安街口(高架橋下),15,1
632,YouBike2.0_稻江高級護理家事職業學校,14,0,中山區,2023-05-27 15:17:22,農安街77巷與農安街77巷1弄口,13,1
634,YouBike2.0_樂群二明水路口_1,20,2,中山區,2023-05-27 15:19:14,樂群二路 / 明水路口(東側),18,1
635,YouBike2.0_民權吉林路口(南側),16,1,中山區,2023-05-27 15:15:04,民權東路二段46號前,15,1
637,YouBike2.0_民權新生路口,26,0,中山區,2023-05-27 14:29:04,民權東路一段/新生北路三段(北側)(新生高架橋下),26,1
638,YouBike2.0_建國長春路口(北側),20,4,中山區,2023-05-27 15:14:14,建國北路/長春路口(北側),14,1
639,YouBike2.0_中山行政中心,24,0,中山區,2023-05-27 15:13:05,松江路/農安街口,22,1
642,YouBike2.0_濱江國小游泳池,16,3,中山區,2023-05-27 15:17:32,樂群二路266巷99號前,13,1
644,YouBike2.0_中428公園,15,3,中山區,2023-05-27 15:08:14,樂群二路30巷/樂群二路116巷61弄,12,1
645,YouBike2.0_復華公園,20,0,中山區,2023-05-27 14:59:04,南京東路三段109巷/龍江路120巷,20,1
646,YouBike2.0_新生民族路口(西南側),15,0,中山區,2023-05-27 14:40:12,新生北路三段/民族東路(西南側),15,1
648,YouBike2.0_八德市場(北側),16,4,中山區,2023-05-27 15:16:16,建國南路一段/市民大道交叉口(北側),11,1
649,YouBike2.0_龍江朱崙街口,14,3,中山區,2023-05-27 14:51:16,龍江路/朱崙街口西北側,11,1
650,YouBike2.0_大直街94巷,15,2,中山區,2023-05-27 14:32:04,大直街94巷口,12,1
651,YouBike2.0_捷運南京復興站(8號出口),25,5,中山區,2023-05-27 15:19:14,南京東路三段221號前,20,1
652,YouBike2.0_民權建國路口(南側),15,0,中山區,2023-05-27 14:56:04,民權東路三段/建國北路二段(南側高架橋下),14,1
654,YouBike2.0_新生濱江街口(東南側),21,0,中山區,2023-05-27 15:01:04,新生北路三段/濱江街口(東南側),21,1
655,YouBike2.0_新生北路一段62巷口,20,3,中山區,2023-05-27 15:17:32,新生北路一段64號對側,17,1
656,YouBike2.0_新生長春路口(東北側),19,1,中山區,2023-05-27 15:10:22,新生北路二段39-2號對側,17,1
657,YouBike2.0_捷運劍南路站(1號出口),17,2,中山區,2023-05-27 15:17:32,北安路811巷/821巷4弄口,15,1
658,YouBike2.0_敬業三樂群三路口(西北側),16,4,中山區,2023-05-27 15:02:14,敬業三路/樂群三路口,12,1
659,YouBike2.0_長春路258巷2弄口,15,3,中山區,2023-05-27 15:06:16,長春路258巷6號北側,12,1
660,YouBike2.0_長寧大廈社區(南側),15,5,中山區,2023-05-27 15:07:14,遼寧街201巷13號前,10,1
661,YouBike2.0_建國五常街口,20,0,中山區,2023-05-27 15:11:04,建國北路三段/五常街,20,1
662,YouBike2.0_中山北路二段62巷口,12,2,中山區,2023-05-27 15:17:32,中山北路二段66號前,10,1
663,YouBike2.0_市民安東街口,20,3,中山區,2023-05-27 15:17:32,市民大道三段179號前,17,1
664,YouBike2.0_市民大道二段5巷口,15,2,中山區,2023-05-27 15:05:16,市民大道二段/市民大道二段5巷,13,1
666,YouBike2.0_北勢湖環保公園,15,4,內湖區,2023-05-27 13:31:15,內湖路一段66-72號前方公園,11,1
668,YouBike2.0_西康公園,16,5,內湖區,2023-05-27 14:35:16,內湖路一段225巷口,11,1
669,YouBike2.0_文湖國小,31,2,內湖區,2023-05-27 15:12:14,文湖街21巷口北側,29,1
670,YouBike2.0_文湖街81巷10號西側,14,3,內湖區,2023-05-27 15:10:22,文湖街81巷10號西側,9,1
671,YouBike2.0_德明財經科技大學,27,2,內湖區,2023-05-27 15:17:32,環山路一段56號南側,25,1
672,YouBike2.0_麗山國小,15,2,內湖區,2023-05-27 15:09:15,內湖路一段411巷56號東側,13,1
674,YouBike2.0_港華五號公園,16,1,內湖區,2023-05-27 15:13:15,環山路二段81號西北側,15,1
675,YouBike2.0_大湖國小,25,5,內湖區,2023-05-27 15:03:15,大湖山莊街/大湖山莊街176巷(東南側),18,1
676,YouBike2.0_安湖三號公園,12,1,內湖區,2023-05-27 15:01:04,東湖路113巷49弄3號北側,11,1
677,YouBike2.0_東湖路113巷95弄,10,0,內湖區,2023-05-27 10:23:04,東湖路113巷95弄13號西側,9,1
679,YouBike2.0_文德三號公園(江南街71巷16弄),15,0,內湖區,2023-05-27 14:35:05,瑞光路271號東南側,15,1
681,YouBike2.0_康寧星雲街口,12,2,內湖區,2023-05-27 14:53:16,康寧路一段116號,10,1
682,YouBike2.0_星雲街47號,15,1,內湖區,2023-05-27 15:19:14,星雲街47號南側,14,1
684,YouBike2.0_捷運西湖站(2號出口),12,0,內湖區,2023-05-27 15:19:14,內湖路一段291號(對面),12,1
687,YouBike2.0_環山路二段26巷口,29,3,內湖區,2023-05-27 15:13:15,環山路二段/環山路二段26巷(西南側),26,1
689,YouBike2.0_碧山公園,31,2,內湖區,2023-05-27 15:16:16,內湖路三段60巷28號東側,29,1
691,YouBike2.0_捷運文德站(2號出口),49,5,內湖區,2023-05-27 15:14:14,文德路212號旁,44,1
692,YouBike2.0_陽光公園,16,4,內湖區,2023-05-27 15:01:17,陽光街與文德路220巷口西側,12,1
693,YouBike2.0_文德二號公園(南側),13,0,內湖區,2023-05-27 14:49:04,陽光街與陽光街68巷102弄口,13,1
694,YouBike2.0_文德二號公園(北側),15,4,內湖區,2023-05-27 15:19:14,文德路210巷12號對側,10,1
695,YouBike2.0_瑞陽公園,12,0,內湖區,2023-05-27 14:48:04,文德路22巷6號(對面),12,1
697,YouBike2.0_潭美街213號,12,5,內湖區,2023-05-27 15:18:14,潭美街213號南側,7,1
699,YouBike2.0_潭美國小(南京舊宗路口),16,2,內湖區,2023-05-27 15:12:15,行善路179號南側,14,1
700,YouBike2.0_新明路343號,10,0,內湖區,2023-05-27 14:46:04,新明路341號北側,10,1
701,YouBike2.0_週美里活動廣場,17,3,內湖區,2023-05-27 15:19:14,潭美街139號對側,14,1
702,YouBike2.0_內湖行政中心,25,4,內湖區,2023-05-27 15:16:16,民權東路六段99號(前),21,1
703,YouBike2.0_樂康公園,20,5,內湖區,2023-05-27 12:52:15,康樂街61巷73弄22-1號南側,15,1
704,YouBike2.0_安康路32巷24弄,21,1,內湖區,2023-05-27 13:59:15,安康路32巷24弄22號,20,1
705,YouBike2.0_明美公園,18,3,內湖區,2023-05-27 14:54:16,石潭路27號南側,15,1
709,YouBike2.0_瑞光公共住宅(瑞光路),18,1,內湖區,2023-05-27 14:46:04,瑞光路160號,17,1
710,YouBike2.0_民權東路六段15巷,17,1,內湖區,2023-05-27 01:11:15,民權東路六段15巷29號,16,1
711,YouBike2.0_扶輪親恩公園,17,1,內湖區,2023-05-27 14:44:04,民權東路六段30號,15,1
716,YouBike2.0_福華商場,20,5,內湖區,2023-05-27 15:01:17,民權東路六段/民權東路六段180巷(西南側),15,1
720,YouBike2.0_金湖路347巷125弄口,15,0,內湖區,2023-05-27 13:41:04,金湖路347巷125弄1號(對面),15,1
723,YouBike2.0_貿七社區,17,2,內湖區,2023-05-27 15:12:15,內湖路二段179巷48弄17號(旁),15,1
724,YouBike2.0_內湖區農會,12,4,內湖區,2023-05-27 15:10:22,內湖路二段334號(前),8,1
725,YouBike2.0_捷運內湖站(2號出口),10,1,內湖區,2023-05-27 15:06:16,成功路四段167巷6弄2號(旁),8,1
726,YouBike2.0_康寧金湖路口,14,0,內湖區,2023-05-27 12:48:04,康寧路一段273號(對面),14,1
727,YouBike2.0_康寧路一段156巷20弄口,17,1,內湖區,2023-05-27 15:15:15,康寧路一段156巷/康寧路一段156巷20弄(西側),16,1
729,YouBike2.0_安泰街83巷,20,3,內湖區,2023-05-27 15:19:14,安泰街83巷3號(對面),17,1
730,YouBike2.0_內溝溪生態展示館,8,3,內湖區,2023-05-27 13:54:15,康樂街236-3號(前),5,1
733,YouBike2.0_石潭公園(安康路),20,5,內湖區,2023-05-27 14:16:16,安康路28號西北側,15,1
739,YouBike2.0_下灣公園,16,1,內湖區,2023-05-27 15:08:14,民權東路六段206巷/民權東路六段190巷75弄(西北側),15,1
743,YouBike2.0_瑞光港墘路口,15,5,內湖區,2023-05-27 15:14:14,港墘路185號前,9,1
744,YouBike2.0_瑞湖陽光街口,25,4,內湖區,2023-05-27 15:19:14,瑞湖街101號對側,20,1
745,YouBike2.0_金龍公園,15,4,內湖區,2023-05-27 15:18:15,金龍路112巷口(金龍公園側),11,1
746,YouBike2.0_星雲街138巷1弄口,15,5,內湖區,2023-05-27 14:58:14,星雲街138巷18號,9,1
747,YouBike2.0_東湖一號公園,10,0,內湖區,2023-05-27 12:50:08,康寧路三段189巷163弄13號東南側,10,1
748,YouBike2.0_東湖二號公園,15,0,內湖區,2023-05-27 14:51:04,康寧路三段99巷39弄70號東南側,14,1
749,YouBike2.0_康湖二號公園(康寧醫院),16,5,內湖區,2023-05-27 14:58:14,成功路五段420巷17號東側,9,1
750,YouBike2.0_堤頂大道新湖一路口,13,0,內湖區,2023-05-27 12:07:04,堤頂大道一段215號前,12,1
752,YouBike2.0_舊宗行善路口,9,2,內湖區,2023-05-27 15:03:15,行善路179號西側,7,1
754,YouBike2.0_成功路四段41巷口,12,5,內湖區,2023-05-27 15:08:14,成功路四段41巷6號前側,7,1
755,YouBike2.0_金湖星雲街口,30,0,內湖區,2023-05-27 13:17:22,金湖路83號對側,30,1
756,YouBike2.0_國防醫學院,15,0,內湖區,2023-05-27 14:39:04,民權東路六段161號前側,15,1
757,YouBike2.0_民權東路六段190巷117弄口,15,3,內湖區,2023-05-27 13:47:14,民權東路六段190巷117弄15號對側,12,1
759,YouBike2.0_九華公園,16,0,內湖區,2023-05-27 15:10:11,文湖街21巷68弄25-6號北側,16,1
760,YouBike2.0_內湖路二段179巷口,16,2,內湖區,2023-05-27 15:09:15,內湖路二段179巷242號對側,13,1
761,YouBike2.0_行善行愛路口,12,1,內湖區,2023-05-27 15:19:04,行善路243號(前),11,1
764,YouBike2.0_陽光街161巷口,16,4,內湖區,2023-05-27 14:55:23,陽光街161巷14號對側,11,1
765,YouBike2.0_潭美公園(南京東路六段368巷),18,0,內湖區,2023-05-27 15:03:04,南京東路六段366號對側,17,1
767,YouBike2.0_三民國中(民權東路六段47巷),13,5,內湖區,2023-05-27 15:11:16,民權東路六段47巷6號對側,8,1
768,YouBike2.0_瑞光路76巷口,12,1,內湖區,2023-05-27 08:01:04,瑞光路102號前,11,1
770,YouBike2.0_新湖國小,12,3,內湖區,2023-05-27 14:22:15,民權東路六段/成功路二段320巷31弄(東南側),9,1
771,YouBike2.0_碧山內湖路口,16,3,內湖區,2023-05-27 15:05:16,內湖路三段72巷15號西側,13,1
772,YouBike2.0_民權東路六段413巷,16,3,內湖區,2023-05-27 15:10:22,民權東路六段409號前,13,1
773,YouBike2.0_宏匯瑞光廣場(瑞光路),16,4,內湖區,2023-05-27 15:16:16,瑞光路353號前(瑞光路側人行道),12,1
776,YouBike2.0_內湖路一段360巷,15,2,內湖區,2023-05-27 14:53:16,內湖路一段358號,13,1
777,YouBike2.0_成功路三段83號前,11,0,內湖區,2023-05-27 13:59:05,成功路三段83號前,11,1
778,YouBike2.0_內湖路一段47巷,16,1,內湖區,2023-05-27 14:15:04,內湖路一段47巷/內湖路一段47巷22弄,15,1
779,YouBike2.0_陽光舊宗路口,20,3,內湖區,2023-05-27 14:33:15,陽光街/舊宗路二段,17,1
780,YouBike2.0_安湖公園,8,0,內湖區,2023-05-27 09:32:04,東湖路113巷95弄/康寧路三段75巷,8,1
781,YouBike2.0_湖興公園,16,5,內湖區,2023-05-27 15:06:16,成功路二段250巷23弄/成功路二段312巷,10,1
782,YouBike2.0_安泰街(康樂橋下),15,3,內湖區,2023-05-27 12:10:19,安泰街(康樂橋下),12,1
783,YouBike2.0_康樂綠地,15,4,內湖區,2023-05-27 14:50:22,康樂街191巷/康樂街,11,1
784,YouBike2.0_捷運港墘站(1號出口),23,4,內湖區,2023-05-27 15:13:15,內湖路一段663號前,19,1
785,YouBike2.0_明美公園(行善路333巷),16,1,內湖區,2023-05-27 15:08:14,行善路333巷92號前,15,1
786,YouBike2.0_行善路383巷,17,0,內湖區,2023-05-27 14:38:04,行善路383巷27號對側,16,1
789,YouBike2.0_內湖路三段326巷口,15,2,內湖區,2023-05-27 13:52:04,內湖路三段326巷/內湖路三段,13,1
790,YouBike2.0_成功公園,11,3,內湖區,2023-05-27 13:26:19,成功路四段223巷/成功路四段223巷6弄,8,1
791,YouBike2.0_康寧路三段189巷93弄口,14,0,內湖區,2023-05-27 13:48:04,康寧路三段189巷/康寧路三段189巷93弄,13,1
792,YouBike2.0_中國醫藥大學附設醫院臺北分院,13,3,內湖區,2023-05-27 15:05:16,內湖路二段368號對側,8,1
793,YouBike2.0_康樂抽水站,15,4,內湖區,2023-05-27 13:49:15,東湖路160巷23號,11,1
794,YouBike2.0_環山路三段16巷口,13,2,內湖區,2023-05-27 14:35:16,環山路三段/環山路三段16巷口(東南側),11,1
797,YouBike2.0_行善社會住宅,23,4,內湖區,2023-05-27 14:37:14,行愛路與新湖一路口西南側,19,1
798,YouBike2.0_康寧路三段99巷17弄口,15,2,內湖區,2023-05-27 15:16:16,康寧路三段99巷19號對側,13,1
799,YouBike2.0_堤頂大道二段407巷口,15,0,內湖區,2023-05-27 14:34:04,堤頂大道二段405號前,15,1
800,YouBike2.0_海德堡科技大樓,12,3,內湖區,2023-05-27 14:55:23,堤頂大道二段473號前,9,1
801,YouBike2.0_致伸科技大樓,17,1,內湖區,2023-05-27 12:38:14,瑞光路669號旁,16,1
803,YouBike2.0_大都會客運內湖站,15,0,內湖區,2023-05-27 10:25:05,民權東路六段11巷25號對側,15,1
804,YouBike2.0_瑞湖公園,15,1,內湖區,2023-05-27 10:44:04,民權東路六段15巷/民權東路六段19巷,14,1
805,YouBike2.0_台灣世曦大樓,16,3,內湖區,2023-05-27 14:50:22,陽光街323號,12,1
807,YouBike2.0_瑞光路358巷口,14,3,內湖區,2023-05-27 10:48:14,瑞光路/瑞光路358巷,11,1
809,YouBike2.0_世紀經貿,16,5,內湖區,2023-05-27 15:12:15,內湖路一段396號,11,1
810,YouBike2.0_民權東路六段56巷口,15,4,內湖區,2023-05-27 15:03:15,民權東路六段56巷7號對側,10,1
811,YouBike2.0_新湖三行忠路72巷口,15,0,內湖區,2023-05-27 14:30:26,新湖三路/行忠路72巷,14,1
812,YouBike2.0_新湖三新湖二146巷口,15,0,內湖區,2023-05-27 13:25:05,新湖三路122、124號對側,15,1
815,YouBike2.0_內湖路一段120巷15弄,19,3,內湖區,2023-05-27 06:54:14,內湖路一段120巷15弄8號對側,16,1
816,YouBike2.0_北勢湖環保公園(堤頂大道側),14,1,內湖區,2023-05-27 12:09:04,堤頂大道二段501號前,13,1
817,YouBike2.0_達爾文大樓,15,4,內湖區,2023-05-27 14:15:15,洲子街61號,11,1
822,YouBike2.0_文林建民路口,20,3,北投區,2023-05-27 14:56:15,文林北路214-216號(前),17,1
823,YouBike2.0_永欣綠地,25,4,北投區,2023-05-27 15:15:15,行義路10巷2號(旁),21,1
824,YouBike2.0_關渡宮,40,1,北投區,2023-05-27 15:14:14,知行路360號(旁),38,1
826,YouBike2.0_關渡醫院,14,5,北投區,2023-05-27 15:15:15,知行路235巷7號(對面),6,1
827,YouBike2.0_捷運忠義站(1號出口),17,5,北投區,2023-05-27 14:26:15,中央北路四段262號(對面),12,1
828,YouBike2.0_捷運關渡站(1號出口),54,2,北投區,2023-05-27 15:16:16,大度路三段270巷/立功街55巷(西南側),50,1
829,YouBike2.0_捷運關渡站(2號出口),14,0,北投區,2023-05-27 15:18:15,捷運關渡站2號出口外人行道,14,1
830,YouBike2.0_中央北路四段540巷口,19,2,北投區,2023-05-27 14:38:14,中央北路四段529號(對面),17,1
834,YouBike2.0_豐年公園,20,0,北投區,2023-05-27 14:08:04,大業路529號(對面),20,1
835,YouBike2.0_稻香重三路口,15,3,北投區,2023-05-27 15:17:32,稻香重三路口(對面路側),9,1
845,YouBike2.0_立農公園,21,5,北投區,2023-05-27 14:15:15,承德路七段/吉利街(西北側),15,1
846,YouBike2.0_北投奇岩長青樂活大樓,15,5,北投區,2023-05-27 14:43:18,三合街一段119號(前),9,1
849,YouBike2.0_陽明大學,30,3,北投區,2023-05-27 15:16:16,東華街二段136號(對面),26,1
852,YouBike2.0_捷運石牌站(1號出口),20,4,北投區,2023-05-27 15:04:19,石牌路一段139號(對面),14,1
854,YouBike2.0_石牌國小,26,4,北投區,2023-05-27 15:10:22,石牌路一段142號(對面),20,1
855,YouBike2.0_振興公園,13,4,北投區,2023-05-27 15:11:16,天母西路109號(對面),8,1
859,YouBike2.0_榮富公園,13,1,北投區,2023-05-27 15:09:04,榮華三路2號(旁),12,1
862,YouBike2.0_中央北路四段30巷口,16,4,北投區,2023-05-27 15:08:14,中央北路四段32號(旁),11,1
865,YouBike2.0_復興公園,14,0,北投區,2023-05-27 14:57:04,中和街61號對側,14,1
867,YouBike2.0_承德路七段188巷口,16,5,北投區,2023-05-27 15:18:15,承德路七段192-198號前,10,1
871,YouBike2.0_中和街455巷11弄,13,5,北投區,2023-05-27 15:06:16,中和街455巷11弄6-8號(前),7,1
873,YouBike2.0_文化三杏林一路口,17,1,北投區,2023-05-27 15:04:19,杏林一路3號(旁),16,1
874,YouBike2.0_珠海復興一路口,15,0,北投區,2023-05-27 13:17:22,珠海路/復興一路口(東側),15,1
875,YouBike2.0_裕民二路33巷,15,5,北投區,2023-05-27 15:10:22,裕民二路33巷/裕民六路(西北側),10,1
876,YouBike2.0_新奇岩社會住宅,12,1,北投區,2023-05-27 14:57:14,磺港路269-271號(旁),11,1
881,YouBike2.0_福星公園,18,4,北投區,2023-05-27 14:42:14,文林北路280號(對側公園),13,1
882,YouBike2.0_中庸公園,12,2,北投區,2023-05-27 15:05:16,珠海路1號旁,8,1
883,YouBike2.0_豐年公園_1,18,4,北投區,2023-05-27 15:13:15,大業路539號,14,1
887,YouBike2.0_北投公園露天溫泉,15,5,北投區,2023-05-27 14:52:16,中山路6號西側(北投溪木道西側),10,1
888,YouBike2.0_中和街493巷9弄口,16,1,北投區,2023-05-27 13:52:04,中和街493巷9弄2號對側,15,1
892,YouBike2.0_大興光明路2巷口,14,5,北投區,2023-05-27 15:19:14,大興街50號對側人行道,9,1
893,YouBike2.0_捷運忠義站(2號出口),20,0,北投區,2023-05-27 14:36:04,捷運忠義站(2號出口)無障礙坡道旁,20,1
896,YouBike2.0_華固創富中心,15,5,北投區,2023-05-27 15:11:16,承德路六段120號(北側地下室車道旁),10,1
901,YouBike2.0_鵬程公園,24,3,松山區,2023-05-27 15:05:16,健康路399號北側,21,1
904,YouBike2.0_捷運南京三民站(1號出口),35,5,松山區,2023-05-27 15:19:14,捷運南京三民站(1號出口),30,1
905,YouBike2.0_光復北路11巷口,23,4,松山區,2023-05-27 15:10:22,光復北路13號(旁),19,1
906,YouBike2.0_捷運南京三民站(4號出口),13,0,松山區,2023-05-27 15:10:11,南京東路五段229號(前),12,1
907,YouBike2.0_西松高中,14,1,松山區,2023-05-27 15:03:04,健康路325巷5弄5號(前),12,1
908,YouBike2.0_民權復興路口,27,2,松山區,2023-05-27 15:11:16,民權東路三段119號(前),25,1
909,YouBike2.0_民福三號綠地,15,2,松山區,2023-05-27 15:06:16,民族東路712號(對面),13,1
910,YouBike2.0_民有一號公園,37,0,松山區,2023-05-27 15:19:14,敦化北路244巷43號(對面),37,1
915,YouBike2.0_捷運小巨蛋站(2號出口),26,5,松山區,2023-05-27 15:15:15,南京東路四段6號(前),21,1
917,YouBike2.0_民生國小(敦化北路199巷),20,0,松山區,2023-05-27 15:13:05,敦化北路199巷15號(旁),19,1
919,YouBike2.0_民權運動公園,21,1,松山區,2023-05-27 15:14:14,民權東路四段/新中街口(西南側),20,1
923,YouBike2.0_八德路三段74巷口,17,2,松山區,2023-05-27 15:19:14,八德路三段74巷95號南側,15,1
924,YouBike2.0_八德路三段8巷口,15,1,松山區,2023-05-27 15:07:14,市民大道四段123號,14,1
925,YouBike2.0_三軍總醫院(松山分院),44,0,松山區,2023-05-27 15:19:04,光復北路/光復北路190巷口(東南側),43,1
926,YouBike2.0_平安新城,16,1,松山區,2023-05-27 15:13:15,延壽街356巷/延壽街330巷16弄(東北側),15,1
927,YouBike2.0_健康社會住宅,20,2,松山區,2023-05-27 15:15:15,健康路305號(前),16,1
929,YouBike2.0_市民東興路口,25,3,松山區,2023-05-27 15:18:15,東興路33號南側,21,1
930,YouBike2.0_光復南路22巷口,29,3,松山區,2023-05-27 15:16:16,光復南路19號西側,25,1
931,YouBike2.0_光復南路58巷,12,2,松山區,2023-05-27 15:16:16,光復南路58巷11號東側,7,1
932,YouBike2.0_松山新城,14,2,松山區,2023-05-27 15:06:04,健康路78號(對面),12,1
933,YouBike2.0_內政部營建署,33,0,松山區,2023-05-27 15:19:14,八德路二段342號(前),33,1
935,YouBike2.0_民生立體停車場,20,3,松山區,2023-05-27 15:11:16,民生東路五段84號前,16,1
936,YouBike2.0_健康新城,35,0,松山區,2023-05-27 15:19:14,健康路179號前,32,1
938,YouBike2.0_復盛公園,20,0,松山區,2023-05-27 15:19:04,八德路四段106巷/八德路四段106巷6弄口(東側),19,1
939,YouBike2.0_中崙福成宮,27,5,松山區,2023-05-27 15:15:15,市民大道四段73號前,21,1
940,YouBike2.0_捷運南京復興站(7號出口),15,3,松山區,2023-05-27 15:11:16,慶城街1號(東南側),12,1
942,YouBike2.0_塔悠疏散門,32,4,松山區,2023-05-27 15:03:15,民權東路五段41之1號,28,1
943,YouBike2.0_臺北田徑場,42,4,松山區,2023-05-27 15:15:15,敦化北路/八德路三段(東北側),37,1
944,YouBike2.0_捷運小巨蛋站(5號出口),22,3,松山區,2023-05-27 15:09:15,南京東路四段75-1號前,19,1
947,YouBike2.0_捷運松山站(2號出口),14,2,松山區,2023-05-27 15:01:17,八德路四段685號前,12,1
949,YouBike2.0_南京東路五段59巷口,11,1,松山區,2023-05-27 15:18:15,南京東路五段57號(前),10,1
950,YouBike2.0_三民公園(塔悠路),20,0,松山區,2023-05-27 13:55:12,塔悠路/撫遠街261巷(西側),20,1
952,YouBike2.0_西松公園,11,2,松山區,2023-05-27 14:50:22,健康路/南京東路五段251巷50弄(西側),8,1
953,YouBike2.0_長壽公園,15,4,松山區,2023-05-27 15:15:15,健康路174號(旁),11,1
954,YouBike2.0_復源公園,14,2,松山區,2023-05-27 15:19:14,八德路三段106巷62號(對面),10,1
957,YouBike2.0_西松高中(健康路325巷),31,0,松山區,2023-05-27 14:42:04,健康路325巷 / 健康路325巷12弄口(東北側),31,1
958,YouBike2.0_南京東興路口,20,5,松山區,2023-05-27 15:18:15,南京東路五段 / 東興路口(北側),15,1
960,YouBike2.0_介壽國中,12,0,松山區,2023-05-27 14:49:04,民生東路五段36巷/光復北路165巷,11,1
962,YouBike2.0_敦化八德路口,20,5,松山區,2023-05-27 15:18:15,敦化南路一段/八德路二段(西南側),15,1
963,YouBike2.0_新東街51巷口,23,3,松山區,2023-05-27 15:08:14,三民路 / 新東街51巷口(東側),20,1
964,YouBike2.0_八德立體停車場,16,0,松山區,2023-05-27 14:56:04,八德路/松信路(西南側),16,1
966,YouBike2.0_八德路四段652巷口,20,3,松山區,2023-05-27 15:02:14,八德路四段650號南側,17,1
967,YouBike2.0_捷運松山站(1號出口),15,0,松山區,2023-05-27 15:15:05,八德路四段711號前,13,1
968,YouBike2.0_捷運小巨蛋站(3號出口),15,1,松山區,2023-05-27 15:09:15,南京東路四段12號前,14,1
970,YouBike2.0_敦化北路155巷口,30,0,松山區,2023-05-27 14:43:04,敦化北路151號前分隔島,30,1
971,YouBike2.0_民生復興路口,17,5,松山區,2023-05-27 15:09:15,民生東路三段/復興北路(東南側),12,1
972,YouBike2.0_市民延吉街口,30,1,松山區,2023-05-27 15:14:14,市民大道/延吉街(市民大道橋下空地),27,1
973,YouBike2.0_龍城市場,15,5,松山區,2023-05-27 15:18:15,光復北路190巷35號對側,9,1
976,YouBike2.0_五常街370巷,11,3,松山區,2023-05-27 15:01:54,五常街370巷8號,8,1
978,YouBike2.0_南港公園(福德街),32,1,南港區,2023-05-27 15:10:22,福德街383號北側,31,1
980,YouBike2.0_忠孝東路六段225巷口,35,3,南港區,2023-05-27 15:12:15,忠孝東路六段219號,32,1
982,YouBike2.0_合樂公園,15,2,南港區,2023-05-27 15:14:14,玉成街46號東側,13,1
983,YouBike2.0_合心廣場,38,4,南港區,2023-05-27 15:13:15,忠孝東路六段17號東北側,34,1
984,YouBike2.0_成德國中,26,0,南港區,2023-05-27 15:17:22,東新街118巷15號南側,25,1
985,YouBike2.0_玉成公園,26,4,南港區,2023-05-27 15:13:15,玉成街247號對側,22,1
988,YouBike2.0_國家生技園區,30,2,南港區,2023-05-27 14:46:16,研究院路一段130巷99號(國家生技園區),27,1
990,YouBike2.0_中研公園,40,0,南港區,2023-05-27 14:40:12,研究院路二段12巷58弄9號西側,40,1
993,YouBike2.0_凌雲市場,20,0,南港區,2023-05-27 13:56:04,研究院路三段68巷9號北側,20,1
994,YouBike2.0_市民大道八段532號,15,5,南港區,2023-05-27 15:13:15,市民大道八段532號北側,10,1
995,YouBike2.0_捷運南港軟體園區(2號出口),34,0,南港區,2023-05-27 15:19:04,經貿二路183號(2號出口),34,1
996,YouBike2.0_南港國小,30,5,南港區,2023-05-27 15:11:16,惠民街67號東南側,25,1
997,YouBike2.0_興中立體停車場(興中路),26,0,南港區,2023-05-27 14:54:04,興中路44巷1號東側,26,1
999,YouBike2.0_東陽公園,30,5,南港區,2023-05-27 15:19:14,重陽路125巷34號東側,25,1
1000,YouBike2.0_向陽南港路口,21,1,南港區,2023-05-27 15:15:15,向陽路49號北側,19,1
1004,YouBike2.0_東新國小,22,1,南港區,2023-05-27 15:18:15,東明街68號北側,20,1
1005,YouBike2.0_中華科技大學,20,2,南港區,2023-05-27 15:10:22,研究院路三段246號東側,18,1
1006,YouBike2.0_六福公園,19,2,南港區,2023-05-27 15:16:16,研究院路二段35巷23弄25號北側,17,1
1007,YouBike2.0_南港加壓站,24,2,南港區,2023-05-27 15:09:15,研究院路二段3巷1號西側,22,1
1008,YouBike2.0_臺北流行音樂中心(南港路),21,5,南港區,2023-05-27 15:05:16,南港路二段200-1號南側,16,1
1009,YouBike2.0_興南公園,26,4,南港區,2023-05-27 15:18:15,重陽路269號南側,22,1
1012,YouBike2.0_忠孝東路七段527巷口,15,4,南港區,2023-05-27 15:04:19,忠孝東路七段552號,11,1
1015,YouBike2.0_凌雲五村(研究院路三段8巷),26,1,南港區,2023-05-27 14:59:19,研究院路三段10巷1號東側,25,1
1016,YouBike2.0_新新公園(昆陽街60巷),20,0,南港區,2023-05-27 15:03:04,南港路三段47巷8號南側,20,1
1017,YouBike2.0_南港高中(昆陽街),14,4,南港區,2023-05-27 14:45:16,昆陽街58號東側,9,1
1018,YouBike2.0_南港路三段290巷口,20,4,南港區,2023-05-27 14:52:16,南港路三段314巷20號,16,1
1019,YouBike2.0_南港路三段220巷口,25,3,南港區,2023-05-27 15:10:22,南港路三段133號,21,1
1022,YouBike2.0_捷運後山埤站(3號出口),12,0,南港區,2023-05-15 07:23:15,玉成街150號,12,0
1023,YouBike2.0_玉成公園運動中心,15,1,南港區,2023-05-27 14:42:14,中坡南路19號,14,1
1024,YouBike2.0_百福公園,18,2,南港區,2023-05-27 15:03:15,福德街309巷7號南側,15,1
1026,YouBike2.0_園區重陽路口,13,1,南港區,2023-05-27 15:19:14,重陽路458號西側,12,1
1028,YouBike2.0_胡適公園,20,1,南港區,2023-05-27 14:23:15,研究院路二段/研究院路二段132巷北側,19,1
1029,YouBike2.0_南港抽水站,13,5,南港區,2023-05-27 15:19:14,重陽路505號,8,1
1030,YouBike2.0_經貿公園,20,1,南港區,2023-05-27 13:06:16,經園街58號北側,19,1
1031,YouBike2.0_育成高中,20,1,南港區,2023-05-27 15:17:32,惠民街71號西側,19,1
1033,YouBike2.0_力行橋(南港),18,2,南港區,2023-05-27 15:15:15,研究院路一段101巷16弄2號南側,16,1
1034,YouBike2.0_舊莊國小(舊莊街一段),15,0,南港區,2023-05-27 14:14:04,舊莊街一段/舊莊街一段145巷口,15,1
1035,YouBike2.0_向陽公園,17,5,南港區,2023-05-27 15:16:16,成功路一段76號對側,12,1
1042,YouBike2.0_昆陽公園,14,0,南港區,2023-05-27 14:46:04,昆陽街173號對側,14,1
1043,YouBike2.0_南港路二段178巷口,18,4,南港區,2023-05-27 15:15:15,南港路二段 / 南港路二段178巷口(北側),13,1
1046,YouBike2.0_玉成公園(成福路178巷口),18,0,南港區,2023-05-27 15:17:22,成福路178巷8號對側,16,1
1047,YouBike2.0_玉東公園(東新街),14,5,南港區,2023-05-27 15:13:15,東新街/市民大道七段(北側),9,1
1049,YouBike2.0_成福路197巷口,15,0,南港區,2023-05-27 15:01:04,成福路197巷/成福路,15,1
1050,YouBike2.0_南港疏散門(基三號疏散門),15,5,南港區,2023-05-27 14:09:14,松河街398號對側,10,1
1052,YouBike2.0_南港展覽館2館,18,0,南港區,2023-05-27 14:17:24,經貿二路/南港路一段(西北側),18,1
1053,YouBike2.0_舊莊派出所,15,1,南港區,2023-05-27 15:14:14,舊莊街一段/舊莊街一段215巷,14,1
1054,YouBike2.0_南港路三段80巷,15,3,南港區,2023-05-27 14:52:16,南港路三段/南港路三段80巷,12,1
1056,YouBike2.0_忠孝東路六段278巷口,14,1,南港區,2023-05-27 14:56:04,忠孝東路/忠孝東路六段278巷,13,1
1058,YouBike2.0_南港路三段130巷口,12,2,南港區,2023-05-27 14:42:14,松河街380號對側,10,1
1060,YouBike2.0_忠孝東路六段212巷口,15,3,南港區,2023-05-27 15:10:22,忠孝東路六段226號前,11,1
1061,YouBike2.0_新富公園,13,2,南港區,2023-05-27 15:10:22,富康街47巷2號對側,11,1
1065,YouBike2.0_基隆路二段159巷口,14,0,信義區,2023-05-27 14:45:04,基隆路二段155號,11,1
1066,YouBike2.0_嘉興街175巷口,16,5,信義區,2023-05-27 15:09:15,基隆路二段131-4號(前),10,1
1067,YouBike2.0_和平東路三段631巷口,15,5,信義區,2023-05-27 15:06:16,和平東路三段633號前,10,1
1071,YouBike2.0_三興公園,31,0,信義區,2023-05-27 15:16:04,吳興街118巷35弄28號前方(三興公園),31,1
1072,YouBike2.0_松德站,48,1,信義區,2023-05-27 15:12:15,松德路300號南側,47,1
1080,YouBike2.0_台北市災害應變中心,45,2,信義區,2023-05-27 15:18:15,莊敬路391巷11弄2號(東北側),42,1
1083,YouBike2.0_景新公園,17,1,信義區,2023-05-27 15:15:15,莊敬路239巷12號(對面),16,1
1084,YouBike2.0_光復信義路口東南側,16,0,信義區,2023-05-27 15:09:04,光復南路485號前方,15,1
1085,YouBike2.0_三張犁,40,1,信義區,2023-05-27 15:19:04,光復南路455號前方,35,1
1086,YouBike2.0_仁愛路四段496巷口,34,0,信義區,2023-05-27 15:18:15,仁愛路四段與仁愛路四段496巷口西南側,33,1
1088,YouBike2.0_松友公園,27,0,信義區,2023-05-27 15:12:04,信義路六段76巷2弄22號(對面),26,1
1090,YouBike2.0_松山家商,25,1,信義區,2023-05-27 15:09:04,松山路655號(前),24,1
1092,YouBike2.0_臺北市政府,63,5,信義區,2023-05-27 15:17:32,台北市政府東門(松智路),58,1
1096,YouBike2.0_市民廣場,30,3,信義區,2023-05-27 15:06:16,市府路/松壽路(西北側),27,1
1099,YouBike2.0_春光公園,30,2,信義區,2023-05-27 15:15:15,林口街230號(斜對面),27,1
1102,YouBike2.0_福德公園,35,4,信義區,2023-05-27 15:17:32,大道路與大道路145巷口,29,1
1107,YouBike2.0_泰和公園,34,3,信義區,2023-05-27 15:16:16,吳興街600巷81號西側,30,1
1108,YouBike2.0_興雅國小(基隆路一段37巷),15,2,信義區,2023-05-27 15:08:14,基隆路一段83巷9號西側,11,1
1111,YouBike2.0_五常公園,19,1,信義區,2023-05-27 15:03:04,松隆路161號對側,16,1
1112,YouBike2.0_永吉松信路口,25,5,信義區,2023-05-27 15:18:15,松信路/永吉路西南側人行道,20,1
1113,YouBike2.0_三興國小,22,4,信義區,2023-05-27 15:17:32,基隆路二段99-1號(前),18,1
1114,YouBike2.0_市民松信路口,20,1,信義區,2023-05-27 15:08:04,市民大道六段/松信路口(西側),17,1
1116,YouBike2.0_基隆光復路口,17,0,信義區,2023-05-27 15:19:04,基隆路二段/光復南路(東北側),17,1
1117,YouBike2.0_基隆忠孝路口西南側,14,3,信義區,2023-05-27 15:18:15,忠孝東路四段550號,9,1
1118,YouBike2.0_泰和里民活動中心,18,3,信義區,2023-05-27 14:46:16,松仁路308巷60號,14,1
1120,YouBike2.0_虎林永吉路口,15,3,信義區,2023-05-27 15:17:32,永吉路356號東側,11,1
1122,YouBike2.0_永吉路321巷口,15,2,信義區,2023-05-27 15:17:32,永吉路323號西側,13,1
1123,YouBike2.0_松山永吉路口,20,1,信義區,2023-05-27 14:50:22,松山路166號,19,1
1128,YouBike2.0_松德虎林街口,25,1,信義區,2023-05-27 15:17:32,松德路79號前,22,1
1131,YouBike2.0_捷運永春站(2號出口),28,2,信義區,2023-05-27 15:19:14,虎林街132巷44號西側,26,1
1132,YouBike2.0_吳興街260巷,32,1,信義區,2023-05-27 15:04:19,吳興街260巷/吳興街260巷21弄口(東南側),31,1
1135,YouBike2.0_安強公園,20,5,信義區,2023-05-27 15:18:15,虎林街222巷55號,14,1
1136,YouBike2.0_信義基隆路口,20,0,信義區,2023-05-27 15:03:04,信義路四段393號前,19,1
1138,YouBike2.0_吳興街284巷36弄口,25,2,信義區,2023-05-27 15:05:16,吳興街284巷36弄24號西側,21,1
1139,YouBike2.0_協和祐德高級中學,20,5,信義區,2023-05-27 14:53:16,中坡南路51號對側,15,1
1140,YouBike2.0_福德國小公車站,10,0,信義區,2023-05-27 15:07:04,福德街308號對側,10,1
1144,YouBike2.0_景平公園,13,3,信義區,2023-05-27 15:09:15,松平路50巷15號對側,10,1
1146,YouBike2.0_五分埔公園,18,2,信義區,2023-05-27 15:07:15,中坡北路57號旁,16,1
1147,YouBike2.0_松仁路305號,14,0,信義區,2023-05-27 14:50:11,松仁路/吳興街583巷3弄,14,1
1148,YouBike2.0_吳興街394巷口,12,2,信義區,2023-05-27 14:49:14,吳興街394巷/吳興街,10,1
1151,YouBike2.0_松仁松平路口,10,2,信義區,2023-05-27 15:15:15,松仁路/松平路,8,1
1152,YouBike2.0_信義松德路口,18,1,信義區,2023-05-27 15:19:04,信義路五段180號前,17,1
1154,YouBike2.0_吳興街284巷(廣安宮),15,4,信義區,2023-05-27 15:19:14,吳興街284巷23號對側,10,1
1155,YouBike2.0_景勤二號公園(西南側),22,2,信義區,2023-05-27 15:15:15,信安街67巷/信安街口東南側,19,1
1156,YouBike2.0_克勤新村,18,4,信義區,2023-05-27 15:19:15,信安街67巷75號對側,13,1
1157,YouBike2.0_和平東路三段291號,15,5,信義區,2023-05-27 15:13:16,和平東路三段291號前,10,1
1161,YouBike2.0_國興中華路口,14,5,萬華區,2023-05-27 15:14:14,國興路2號前,9,1
1163,YouBike2.0_國興水源路口,14,4,萬華區,2023-05-27 14:53:04,國興路1巷15號對側,10,1
1165,YouBike2.0_國興青年路口,30,5,萬華區,2023-05-27 15:17:32,國興路與青年路口西南側,25,1
1166,YouBike2.0_青年公園棒球場,28,1,萬華區,2023-05-27 15:19:15,青年路66號對側,26,1
1167,YouBike2.0_青年公園籃球場,16,2,萬華區,2023-05-27 15:03:15,青年公園籃球場南側,12,1
1169,YouBike2.0_新和國小,20,1,萬華區,2023-05-27 15:15:15,萬大路277巷37弄1號東側,17,1
1171,YouBike2.0_莒光立體停車場,10,2,萬華區,2023-05-27 14:43:18,莒光路137號前,8,1
1174,YouBike2.0_華中疏散門,12,2,萬華區,2023-05-27 14:50:22,環河南路三段371號前,9,1
1176,YouBike2.0_忠德公園,19,2,萬華區,2023-05-27 15:03:15,東園街66巷20弄27號前,17,1
1179,YouBike2.0_雙園國中,24,0,萬華區,2023-05-27 15:11:04,西園路二段320巷與興義街口,23,1
1182,YouBike2.0_華江八號公園,20,4,萬華區,2023-05-27 15:15:15,環河南路二段216號旁,15,1
1185,YouBike2.0_糖廍文化園區,14,4,萬華區,2023-05-27 14:37:15,大理街177號對側,9,1
1187,YouBike2.0_萬華青年公宅,23,4,萬華區,2023-05-27 15:10:22,青年路188號前,19,1
1191,YouBike2.0_貓公園(中興橋頭),15,1,萬華區,2023-05-27 15:19:15,成都路108號(對面),13,1
1201,YouBike2.0_臺北市電影主題公園(峨嵋街),15,5,萬華區,2023-05-27 15:17:32,峨嵋街100號(對面),10,1
1204,YouBike2.0_萬華266號綠地,15,2,萬華區,2023-05-27 15:18:15,康定路81號(對面),13,1
1206,YouBike2.0_德昌街10巷口,10,4,萬華區,2023-05-27 15:19:15,德昌街15號(對面),5,1
1208,YouBike2.0_長順街60巷口,15,3,萬華區,2023-05-27 14:50:22,長順街60巷38號對側,12,1
1212,YouBike2.0_綠堤社區公園,22,5,萬華區,2023-05-27 14:53:16,大理街170巷與環河南路二段159巷口,17,1
1216,YouBike2.0_龍山國中,15,2,萬華區,2023-05-27 15:15:15,南寧路與廣州街口南側,13,1
1217,YouBike2.0_洛陽停車場,22,2,萬華區,2023-05-27 14:59:19,昆明街與洛陽街口西側,18,1
1218,YouBike2.0_桂林昆明街口,20,0,萬華區,2023-05-27 15:13:05,桂林路與昆明街口西北側,20,1
1224,YouBike2.0_萬大路493巷,10,2,萬華區,2023-05-27 13:55:23,萬大路493巷44號旁,7,1
1225,YouBike2.0_雙園國中地下停車場,12,2,萬華區,2023-05-27 15:08:14,西園路二段320巷55弄8-10號前,9,1
1227,YouBike2.0_臺大水源舍區A棟,37,0,臺大專區,2023-05-27 15:03:04,汀洲路三段60巷2弄路側(A舍北側),34,1
1228,YouBike2.0_臺大卓越研究大樓,32,3,臺大專區,2023-05-27 15:10:22,臺大水源舍區C南側,26,1
1229,YouBike2.0_臺大水源修齊會館,18,5,臺大專區,2023-05-27 15:01:17,思源街16號之1旁,10,1
1230,YouBike2.0_臺大檔案展示館,10,2,臺大專區,2023-05-27 13:57:15,臺大檔案展示館東北側,7,1
1232,YouBike2.0_臺大男八舍東側,42,2,臺大專區,2023-05-27 15:19:15,臺大男八舍東側,40,1
1237,YouBike2.0_臺大大一女舍北側,53,2,臺大專區,2023-05-27 15:16:16,臺大女一舍北側,51,1
1240,YouBike2.0_臺大立體機車停車場,27,0,臺大專區,2023-05-27 14:55:12,基隆路三段/基隆路三段156巷口北側,26,1
1244,YouBike2.0_臺大樂學館東側,28,5,臺大專區,2023-05-27 15:10:22,臺大文學院西側,23,1
1245,YouBike2.0_臺大農化新館西側,10,0,臺大專區,2023-05-27 15:14:04,臺大生化科技學系西側,9,1
1246,YouBike2.0_臺大五號館西側,20,4,臺大專區,2023-05-27 15:15:15,臺大生物系館西側,15,1
1249,YouBike2.0_臺大共同教室東南側,12,5,臺大專區,2023-05-27 15:15:15,臺大共同教學館東南側,6,1
1251,YouBike2.0_臺大公館停車場西北側,12,1,臺大專區,2023-05-27 13:34:04,臺大公館停車場西北側,11,1
1252,YouBike2.0_臺大第二行政大樓南側,27,0,臺大專區,2023-05-27 15:19:04,臺大行政大樓西側,27,1
1254,YouBike2.0_臺大二號館,10,3,臺大專區,2023-05-27 15:19:15,臺大物理文物廳北側,7,1
1259,YouBike2.0_臺大椰林小舖,48,0,臺大專區,2023-05-27 15:08:04,臺大椰林小舖旁,47,1
1266,YouBike2.0_臺大森林館北側,10,2,臺大專區,2023-05-27 14:58:15,臺大森林系學系北側,8,1
1267,YouBike2.0_臺大一號館,19,2,臺大專區,2023-05-27 15:19:15,臺大植物魚類標本館一號館北側,17,1
1268,YouBike2.0_臺大小小福西南側,10,0,臺大專區,2023-05-27 13:55:12,臺大進修教育大樓,10,1
1270,YouBike2.0_臺大四號館東北側,10,0,臺大專區,2023-05-27 15:08:04,臺大園藝暨景觀學系北側,10,1
1272,YouBike2.0_臺大鄭江樓北側,10,3,臺大專區,2023-05-27 15:06:16,臺大新聞研究所南側,7,1
1273,YouBike2.0_臺大電機二館東南側,14,1,臺大專區,2023-05-27 15:11:04,臺大電機二館南側,13,1
1279,YouBike2.0_臺大明達館北側(員工宿舍),18,5,臺大公館校區,2023-05-27 15:10:22,明達館北側前空地,12,1
